frame,video_seconds,anonymous_worker_session_id,local_track_id,confidence,role_evidence,stitch_status,crop_path
25,1.000,WS-20260725-C0-C48112-001,1,0.7901,zones=[]; phone_state=NO_PHONE_EVIDENCE; work_motion=no repeated reaching hand movement; No activity zones are configured,not_stitched,worker_identity_crops/WS-20260725-C0-C48112-001/frame_00000025_0001.jpg
25,1.000,WS-20260725-C0-C48112-004,4,0.5514,zones=[]; phone_state=NO_PHONE_EVIDENCE; work_motion=pose evidence unavailable; No activity zones are configured,not_stitched,worker_identity_crops/WS-20260725-C0-C48112-004/frame_00000025_0001.jpg
25,1.000,WS-20260725-C0-C48112-005,5,0.3550,zones=[]; phone_state=NO_PHONE_EVIDENCE; work_motion=pose evidence unavailable; No activity zones are configured,not_stitched,worker_identity_crops/WS-20260725-C0-C48112-005/frame_00000025_0001.jpg
25,1.000,WS-20260725-C0-C48112-006,6,0.4202,zones=[]; phone_state=NO_PHONE_EVIDENCE; work_motion=pose evidence unavailable; No activity zones are configured,not_stitched,worker_identity_crops/WS-20260725-C0-C48112-006/frame_00000025_0001.jpg
50,2.000,WS-20260725-C0-C48112-001,1,0.7294,zones=[]; phone_state=POSSIBLE_PHONE; work_motion=no repeated reaching hand movement; No activity zones are configured,not_stitched,worker_identity_crops/WS-20260725-C0-C48112-001/frame_00000050_0002.jpg
50,2.000,WS-20260725-C0-C48112-003,3,0.4612,zones=[]; phone_state=NO_PHONE_EVIDENCE; work_motion=pose evidence unavailable; No activity zones are configured,not_stitched,worker_identity_crops/WS-20260725-C0-C48112-003/frame_00000050_0001.jpg
50,2.000,WS-20260725-C0-C48112-004,4,0.3449,zones=[]; phone_state=NO_PHONE_EVIDENCE; work_motion=pose evidence unavailable; No activity zones are configured,not_stitched,worker_identity_crops/WS-20260725-C0-C48112-004/frame_00000050_0002.jpg
50,2.000,WS-20260725-C0-C48112-006,6,0.5293,zones=[]; phone_state=NO_PHONE_EVIDENCE; work_motion=pose evidence unavailable; No activity zones are configured,not_stitched,worker_identity_crops/WS-20260725-C0-C48112-006/frame_00000050_0002.jpg
75,3.000,WS-20260725-C0-C48112-001,1,0.7599,zones=[]; phone_state=NO_PHONE_EVIDENCE; work_motion=work-like hand movement is still confirming; No activity zones are configured,not_stitched,worker_identity_crops/WS-20260725-C0-C48112-001/frame_00000075_0003.jpg
75,3.000,WS-20260725-C0-C48112-003,3,0.4166,zones=[]; phone_state=NO_PHONE_EVIDENCE; work_motion=pose evidence unavailable; No activity zones are configured,not_stitched,worker_identity_crops/WS-20260725-C0-C48112-003/frame_00000075_0002.jpg
75,3.000,WS-20260725-C0-C48112-006,6,0.4005,zones=[]; phone_state=NO_PHONE_EVIDENCE; work_motion=pose evidence unavailable; No activity zones are configured,not_stitched,worker_identity_crops/WS-20260725-C0-C48112-006/frame_00000075_0003.jpg
100,4.000,WS-20260725-C0-C48112-001,1,0.7472,zones=[]; phone_state=ON_PHONE; work_motion=no repeated reaching hand movement; No activity zones are configured,not_stitched,worker_identity_crops/WS-20260725-C0-C48112-001/frame_00000100_0004.jpg
100,4.000,WS-20260725-C0-C48112-003,3,0.5369,zones=[]; phone_state=NO_PHONE_EVIDENCE; work_motion=no repeated reaching hand movement; No activity zones are configured,not_stitched,worker_identity_crops/WS-20260725-C0-C48112-003/frame_00000100_0003.jpg
100,4.000,WS-20260725-C0-C48112-005,5,0.3134,zones=[]; phone_state=NO_PHONE_EVIDENCE; work_motion=pose evidence unavailable; No activity zones are configured,not_stitched,worker_identity_crops/WS-20260725-C0-C48112-005/frame_00000100_0002.jpg
100,4.000,WS-20260725-C0-C48112-006,6,0.7161,zones=[]; phone_state=NO_PHONE_EVIDENCE; work_motion=pose evidence unavailable; No activity zones are configured,not_stitched,worker_identity_crops/WS-20260725-C0-C48112-006/frame_00000100_0004.jpg
125,5.000,WS-20260725-C0-C48112-001,1,0.7703,zones=[]; phone_state=NO_PHONE_EVIDENCE; work_motion=worker wrists were not visible; No activity zones are configured,not_stitched,worker_identity_crops/WS-20260725-C0-C48112-001/frame_00000125_0005.jpg
125,5.000,WS-20260725-C0-C48112-003,3,0.3419,zones=[]; phone_state=NO_PHONE_EVIDENCE; work_motion=pose evidence unavailable; No activity zones are configured,not_stitched,worker_identity_crops/WS-20260725-C0-C48112-003/frame_00000125_0004.jpg
125,5.000,WS-20260725-C0-C48112-006,6,0.7814,zones=[]; phone_state=NO_PHONE_EVIDENCE; work_motion=no repeated reaching hand movement; No activity zones are configured,not_stitched,worker_identity_crops/WS-20260725-C0-C48112-006/frame_00000125_0005.jpg
150,6.000,WS-20260725-C0-C48112-001,1,0.7510,zones=[]; phone_state=POSSIBLE_PHONE; work_motion=no repeated reaching hand movement; No activity zones are configured,not_stitched,worker_identity_crops/WS-20260725-C0-C48112-001/frame_00000150_0006.jpg
150,6.000,WS-20260725-C0-C48112-003,3,0.3533,zones=[]; phone_state=NO_PHONE_EVIDENCE; work_motion=pose evidence unavailable; No activity zones are configured,not_stitched,worker_identity_crops/WS-20260725-C0-C48112-003/frame_00000150_0005.jpg
150,6.000,WS-20260725-C0-C48112-006,6,0.7734,zones=[]; phone_state=POSSIBLE_PHONE; work_motion=work-like hand movement is still confirming; No activity zones are configured,not_stitched,worker_identity_crops/WS-20260725-C0-C48112-006/frame_00000150_0006.jpg
175,7.000,WS-20260725-C0-C48112-001,1,0.8267,zones=[]; phone_state=ON_PHONE; work_motion=no repeated reaching hand movement; No activity zones are configured,not_stitched,worker_identity_crops/WS-20260725-C0-C48112-001/frame_00000175_0007.jpg
175,7.000,WS-20260725-C0-C48112-003,3,0.5452,zones=[]; phone_state=NO_PHONE_EVIDENCE; work_motion=pose evidence unavailable; No activity zones are configured,not_stitched,worker_identity_crops/WS-20260725-C0-C48112-003/frame_00000175_0006.jpg
175,7.000,WS-20260725-C0-C48112-005,5,0.3087,zones=[]; phone_state=NO_PHONE_EVIDENCE; work_motion=pose evidence unavailable; No activity zones are configured,not_stitched,worker_identity_crops/WS-20260725-C0-C48112-005/frame_00000175_0003.jpg
175,7.000,WS-20260725-C0-C48112-006,6,0.7437,zones=[]; phone_state=NO_PHONE_EVIDENCE; work_motion=pose evidence unavailable; No activity zones are configured,not_stitched,worker_identity_crops/WS-20260725-C0-C48112-006/frame_00000175_0007.jpg
200,8.000,WS-20260725-C0-C48112-001,1,0.7705,zones=[]; phone_state=ON_PHONE; work_motion=no repeated reaching hand movement; No activity zones are configured,not_stitched,worker_identity_crops/WS-20260725-C0-C48112-001/frame_00000200_0008.jpg
200,8.000,WS-20260725-C0-C48112-003,3,0.5120,zones=[]; phone_state=POSSIBLE_PHONE; work_motion=no repeated reaching hand movement; No activity zones are configured,not_stitched,worker_identity_crops/WS-20260725-C0-C48112-003/frame_00000200_0007.jpg
200,8.000,WS-20260725-C0-C48112-006,6,0.5979,zones=[]; phone_state=NO_PHONE_EVIDENCE; work_motion=no repeated reaching hand movement; No activity zones are configured,not_stitched,worker_identity_crops/WS-20260725-C0-C48112-006/frame_00000200_0008.jpg
225,9.000,WS-20260725-C0-C48112-001,1,0.7850,zones=[]; phone_state=NO_PHONE_EVIDENCE; work_motion=pose evidence unavailable; No activity zones are configured,not_stitched,worker_identity_crops/WS-20260725-C0-C48112-001/frame_00000225_0009.jpg
225,9.000,WS-20260725-C0-C48112-003,3,0.2567,zones=[]; phone_state=ON_PHONE; work_motion=work-like hand movement is still confirming; No activity zones are configured,not_stitched,worker_identity_crops/WS-20260725-C0-C48112-003/frame_00000225_0008.jpg
225,9.000,WS-20260725-C0-C48112-006,6,0.7718,zones=[]; phone_state=NO_PHONE_EVIDENCE; work_motion=pose evidence unavailable; No activity zones are configured,not_stitched,worker_identity_crops/WS-20260725-C0-C48112-006/frame_00000225_0009.jpg
250,10.000,WS-20260725-C0-C48112-001,1,0.7840,zones=[]; phone_state=ON_PHONE; work_motion=no repeated reaching hand movement; No activity zones are configured,not_stitched,worker_identity_crops/WS-20260725-C0-C48112-001/frame_00000250_0010.jpg
250,10.000,WS-20260725-C0-C48112-005,5,0.2644,zones=[]; phone_state=NO_PHONE_EVIDENCE; work_motion=pose evidence unavailable; No activity zones are configured,not_stitched,worker_identity_crops/WS-20260725-C0-C48112-005/frame_00000250_0004.jpg
275,11.000,WS-20260725-C0-C48112-001,1,0.7700,zones=[]; phone_state=POSSIBLE_PHONE; work_motion=no repeated reaching hand movement; No activity zones are configured,not_stitched,worker_identity_crops/WS-20260725-C0-C48112-001/frame_00000275_0011.jpg
275,11.000,WS-20260725-C0-C48112-007,7,0.3465,zones=[]; phone_state=NO_PHONE_EVIDENCE; work_motion=pose evidence unavailable; No activity zones are configured,not_stitched,worker_identity_crops/WS-20260725-C0-C48112-007/frame_00000275_0001.jpg
300,12.000,WS-20260725-C0-C48112-001,1,0.6936,zones=[]; phone_state=NO_PHONE_EVIDENCE; work_motion=pose evidence unavailable; No activity zones are configured,not_stitched,worker_identity_crops/WS-20260725-C0-C48112-001/frame_00000300_0012.jpg
300,12.000,WS-20260725-C0-C48112-006,6,0.4759,zones=[]; phone_state=NO_PHONE_EVIDENCE; work_motion=pose evidence unavailable; No activity zones are configured,not_stitched,worker_identity_crops/WS-20260725-C0-C48112-006/frame_00000300_0010.jpg
300,12.000,WS-20260725-C0-C48112-007,7,0.5536,zones=[]; phone_state=NO_PHONE_EVIDENCE; work_motion=no repeated reaching hand movement; No activity zones are configured,not_stitched,worker_identity_crops/WS-20260725-C0-C48112-007/frame_00000300_0002.jpg
325,13.000,WS-20260725-C0-C48112-003,3,0.5276,zones=[]; phone_state=NO_PHONE_EVIDENCE; work_motion=pose evidence unavailable; No activity zones are configured,not_stitched,worker_identity_crops/WS-20260725-C0-C48112-003/frame_00000325_0009.jpg
325,13.000,WS-20260725-C0-C48112-007,7,0.5979,zones=[]; phone_state=NO_PHONE_EVIDENCE; work_motion=pose evidence unavailable; No activity zones are configured,not_stitched,worker_identity_crops/WS-20260725-C0-C48112-007/frame_00000325_0003.jpg
325,13.000,WS-20260725-C0-C48112-011,11,0.6589,zones=[]; phone_state=NO_PHONE_EVIDENCE; work_motion=pose evidence unavailable; No activity zones are configured,not_stitched,worker_identity_crops/WS-20260725-C0-C48112-011/frame_00000325_0001.jpg
350,14.000,WS-20260725-C0-C48112-003,3,0.7097,zones=[]; phone_state=NO_PHONE_EVIDENCE; work_motion=pose evidence unavailable; No activity zones are configured,not_stitched,worker_identity_crops/WS-20260725-C0-C48112-003/frame_00000350_0010.jpg
350,14.000,WS-20260725-C0-C48112-007,7,0.5288,zones=[]; phone_state=NO_PHONE_EVIDENCE; work_motion=pose evidence unavailable; No activity zones are configured,not_stitched,worker_identity_crops/WS-20260725-C0-C48112-007/frame_00000350_0004.jpg
350,14.000,WS-20260725-C0-C48112-011,11,0.7133,zones=[]; phone_state=NO_PHONE_EVIDENCE; work_motion=worker wrists were not visible; No activity zones are configured,not_stitched,worker_identity_crops/WS-20260725-C0-C48112-011/frame_00000350_0002.jpg
375,15.000,WS-20260725-C0-C48112-003,3,0.7064,zones=[]; phone_state=NO_PHONE_EVIDENCE; work_motion=work-like hand movement is still confirming; No activity zones are configured,not_stitched,worker_identity_crops/WS-20260725-C0-C48112-003/frame_00000375_0011.jpg
375,15.000,WS-20260725-C0-C48112-007,7,0.6977,zones=[]; phone_state=NO_PHONE_EVIDENCE; work_motion=pose evidence unavailable; No activity zones are configured,not_stitched,worker_identity_crops/WS-20260725-C0-C48112-007/frame_00000375_0005.jpg
375,15.000,WS-20260725-C0-C48112-011,11,0.6923,zones=[]; phone_state=NO_PHONE_EVIDENCE; work_motion=worker wrists were not visible; No activity zones are configured,not_stitched,worker_identity_crops/WS-20260725-C0-C48112-011/frame_00000375_0003.jpg
400,16.000,WS-20260725-C0-C48112-003,3,0.5403,zones=[]; phone_state=POSSIBLE_PHONE; work_motion=no repeated reaching hand movement; No activity zones are configured,not_stitched,worker_identity_crops/WS-20260725-C0-C48112-003/frame_00000400_0012.jpg
400,16.000,WS-20260725-C0-C48112-005,5,0.6956,zones=[]; phone_state=NO_PHONE_EVIDENCE; work_motion=pose evidence unavailable; No activity zones are configured,not_stitched,worker_identity_crops/WS-20260725-C0-C48112-005/frame_00000400_0005.jpg
400,16.000,WS-20260725-C0-C48112-007,7,0.5578,zones=[]; phone_state=NO_PHONE_EVIDENCE; work_motion=pose evidence unavailable; No activity zones are configured,not_stitched,worker_identity_crops/WS-20260725-C0-C48112-007/frame_00000400_0006.jpg
400,16.000,WS-20260725-C0-C48112-011,11,0.4797,zones=[]; phone_state=NO_PHONE_EVIDENCE; work_motion=worker wrists were not visible; No activity zones are configured,not_stitched,worker_identity_crops/WS-20260725-C0-C48112-011/frame_00000400_0004.jpg
425,17.000,WS-20260725-C0-C48112-007,7,0.6257,zones=[]; phone_state=NO_PHONE_EVIDENCE; work_motion=pose evidence unavailable; No activity zones are configured,not_stitched,worker_identity_crops/WS-20260725-C0-C48112-007/frame_00000425_0007.jpg
450,18.000,WS-20260725-C0-C48112-005,5,0.7884,zones=[]; phone_state=NO_PHONE_EVIDENCE; work_motion=worker wrists were not visible; No activity zones are configured,not_stitched,worker_identity_crops/WS-20260725-C0-C48112-005/frame_00000450_0006.jpg
450,18.000,WS-20260725-C0-C48112-007,7,0.5778,zones=[]; phone_state=NO_PHONE_EVIDENCE; work_motion=pose evidence unavailable; No activity zones are configured,not_stitched,worker_identity_crops/WS-20260725-C0-C48112-007/frame_00000450_0008.jpg
475,19.000,WS-20260725-C0-C48112-005,5,0.8060,zones=[]; phone_state=NO_PHONE_EVIDENCE; work_motion=worker wrists were not visible; No activity zones are configured,not_stitched,worker_identity_crops/WS-20260725-C0-C48112-005/frame_00000475_0007.jpg
475,19.000,WS-20260725-C0-C48112-007,7,0.4810,zones=[]; phone_state=NO_PHONE_EVIDENCE; work_motion=pose evidence unavailable; No activity zones are configured,not_stitched,worker_identity_crops/WS-20260725-C0-C48112-007/frame_00000475_0009.jpg
475,19.000,WS-20260725-C0-C48112-015,15,0.3024,zones=[]; phone_state=NO_PHONE_EVIDENCE; work_motion=pose evidence unavailable; No activity zones are configured,not_stitched,worker_identity_crops/WS-20260725-C0-C48112-015/frame_00000475_0001.jpg
500,20.000,WS-20260725-C0-C48112-005,5,0.8238,zones=[]; phone_state=ON_PHONE; work_motion=no repeated reaching hand movement; No activity zones are configured,not_stitched,worker_identity_crops/WS-20260725-C0-C48112-005/frame_00000500_0008.jpg
525,21.000,WS-20260725-C0-C48112-005,5,0.8153,zones=[]; phone_state=ON_PHONE; work_motion=no repeated reaching hand movement; No activity zones are configured,not_stitched,worker_identity_crops/WS-20260725-C0-C48112-005/frame_00000525_0009.jpg
525,21.000,WS-20260725-C0-C48112-007,7,0.4613,zones=[]; phone_state=NO_PHONE_EVIDENCE; work_motion=pose evidence unavailable; No activity zones are configured,not_stitched,worker_identity_crops/WS-20260725-C0-C48112-007/frame_00000525_0010.jpg
550,22.000,WS-20260725-C0-C48112-007,7,0.6020,zones=[]; phone_state=NO_PHONE_EVIDENCE; work_motion=pose evidence unavailable; No activity zones are configured,not_stitched,worker_identity_crops/WS-20260725-C0-C48112-007/frame_00000550_0011.jpg
550,22.000,WS-20260725-C0-C48112-015,15,0.3304,zones=[]; phone_state=NO_PHONE_EVIDENCE; work_motion=pose evidence unavailable; No activity zones are configured,not_stitched,worker_identity_crops/WS-20260725-C0-C48112-015/frame_00000550_0002.jpg
575,23.000,WS-20260725-C0-C48112-007,7,0.5581,zones=[]; phone_state=NO_PHONE_EVIDENCE; work_motion=pose evidence unavailable; No activity zones are configured,not_stitched,worker_identity_crops/WS-20260725-C0-C48112-007/frame_00000575_0012.jpg
575,23.000,WS-20260725-C0-C48112-020,20,0.8074,zones=[]; phone_state=NO_PHONE_EVIDENCE; work_motion=no repeated reaching hand movement; No activity zones are configured,not_stitched,worker_identity_crops/WS-20260725-C0-C48112-020/frame_00000575_0001.jpg
600,24.000,WS-20260725-C0-C48112-007,7,0.2923,zones=[]; phone_state=NO_PHONE_EVIDENCE; work_motion=pose evidence unavailable; No activity zones are configured,not_stitched,worker_identity_crops/WS-20260725-C0-C48112-007/frame_00000600_0013.jpg
600,24.000,WS-20260725-C0-C48112-020,20,0.7924,zones=[]; phone_state=NO_PHONE_EVIDENCE; work_motion=pose evidence unavailable; No activity zones are configured,not_stitched,worker_identity_crops/WS-20260725-C0-C48112-020/frame_00000600_0002.jpg
625,25.000,WS-20260725-C0-C48112-015,15,0.3498,zones=[]; phone_state=NO_PHONE_EVIDENCE; work_motion=pose evidence unavailable; No activity zones are configured,not_stitched,worker_identity_crops/WS-20260725-C0-C48112-015/frame_00000625_0003.jpg
625,25.000,WS-20260725-C0-C48112-020,20,0.7953,zones=[]; phone_state=NO_PHONE_EVIDENCE; work_motion=pose evidence unavailable; No activity zones are configured,not_stitched,worker_identity_crops/WS-20260725-C0-C48112-020/frame_00000625_0003.jpg
650,26.000,WS-20260725-C0-C48112-020,20,0.8005,zones=[]; phone_state=NO_PHONE_EVIDENCE; work_motion=worker wrists were not visible; No activity zones are configured,not_stitched,worker_identity_crops/WS-20260725-C0-C48112-020/frame_00000650_0004.jpg
675,27.000,WS-20260725-C0-C48112-007,7,0.3816,zones=[]; phone_state=NO_PHONE_EVIDENCE; work_motion=pose evidence unavailable; No activity zones are configured,not_stitched,worker_identity_crops/WS-20260725-C0-C48112-007/frame_00000675_0014.jpg
675,27.000,WS-20260725-C0-C48112-020,20,0.7775,zones=[]; phone_state=NO_PHONE_EVIDENCE; work_motion=pose evidence unavailable; No activity zones are configured,not_stitched,worker_identity_crops/WS-20260725-C0-C48112-020/frame_00000675_0005.jpg
675,27.000,WS-20260725-C0-C48112-023,23,0.2982,zones=[]; phone_state=NO_PHONE_EVIDENCE; work_motion=worker wrists were not visible; No activity zones are configured,not_stitched,worker_identity_crops/WS-20260725-C0-C48112-023/frame_00000675_0001.jpg
700,28.000,WS-20260725-C0-C48112-007,7,0.3448,zones=[]; phone_state=NO_PHONE_EVIDENCE; work_motion=pose evidence unavailable; No activity zones are configured,not_stitched,worker_identity_crops/WS-20260725-C0-C48112-007/frame_00000700_0015.jpg
700,28.000,WS-20260725-C0-C48112-015,15,0.3804,zones=[]; phone_state=NO_PHONE_EVIDENCE; work_motion=pose evidence unavailable; No activity zones are configured,not_stitched,worker_identity_crops/WS-20260725-C0-C48112-015/frame_00000700_0004.jpg
700,28.000,WS-20260725-C0-C48112-020,20,0.7629,zones=[]; phone_state=NO_PHONE_EVIDENCE; work_motion=pose evidence unavailable; No activity zones are configured,not_stitched,worker_identity_crops/WS-20260725-C0-C48112-020/frame_00000700_0006.jpg
700,28.000,WS-20260725-C0-C48112-023,23,0.2793,zones=[]; phone_state=NO_PHONE_EVIDENCE; work_motion=pose evidence unavailable; No activity zones are configured,not_stitched,worker_identity_crops/WS-20260725-C0-C48112-023/frame_00000700_0002.jpg
725,29.000,WS-20260725-C0-C48112-007,7,0.6826,zones=[]; phone_state=NO_PHONE_EVIDENCE; work_motion=pose evidence unavailable; No activity zones are configured,not_stitched,worker_identity_crops/WS-20260725-C0-C48112-007/frame_00000725_0016.jpg
725,29.000,WS-20260725-C0-C48112-020,20,0.7724,zones=[]; phone_state=NO_PHONE_EVIDENCE; work_motion=pose evidence unavailable; No activity zones are configured,not_stitched,worker_identity_crops/WS-20260725-C0-C48112-020/frame_00000725_0007.jpg
750,30.000,WS-20260725-C0-C48112-007,7,0.5964,zones=[]; phone_state=NO_PHONE_EVIDENCE; work_motion=pose evidence unavailable; No activity zones are configured,not_stitched,worker_identity_crops/WS-20260725-C0-C48112-007/frame_00000750_0017.jpg
750,30.000,WS-20260725-C0-C48112-020,20,0.7624,zones=[]; phone_state=NO_PHONE_EVIDENCE; work_motion=no repeated reaching hand movement; No activity zones are configured,not_stitched,worker_identity_crops/WS-20260725-C0-C48112-020/frame_00000750_0008.jpg
775,31.000,WS-20260725-C0-C48112-007,7,0.6393,zones=[]; phone_state=NO_PHONE_EVIDENCE; work_motion=pose evidence unavailable; No activity zones are configured,not_stitched,worker_identity_crops/WS-20260725-C0-C48112-007/frame_00000775_0018.jpg
775,31.000,WS-20260725-C0-C48112-015,15,0.2383,zones=[]; phone_state=NO_PHONE_EVIDENCE; work_motion=pose evidence unavailable; No activity zones are configured,not_stitched,worker_identity_crops/WS-20260725-C0-C48112-015/frame_00000775_0005.jpg
775,31.000,WS-20260725-C0-C48112-020,20,0.7737,zones=[]; phone_state=NO_PHONE_EVIDENCE; work_motion=worker wrists were not visible; No activity zones are configured,not_stitched,worker_identity_crops/WS-20260725-C0-C48112-020/frame_00000775_0009.jpg
775,31.000,WS-20260725-C0-C48112-023,23,0.3971,zones=[]; phone_state=NO_PHONE_EVIDENCE; work_motion=pose evidence unavailable; No activity zones are configured,not_stitched,worker_identity_crops/WS-20260725-C0-C48112-023/frame_00000775_0003.jpg
800,32.000,WS-20260725-C0-C48112-007,7,0.6134,zones=[]; phone_state=NO_PHONE_EVIDENCE; work_motion=pose evidence unavailable; No activity zones are configured,not_stitched,worker_identity_crops/WS-20260725-C0-C48112-007/frame_00000800_0019.jpg
800,32.000,WS-20260725-C0-C48112-020,20,0.7759,zones=[]; phone_state=ON_PHONE; work_motion=no repeated reaching hand movement; No activity zones are configured,not_stitched,worker_identity_crops/WS-20260725-C0-C48112-020/frame_00000800_0010.jpg
825,33.000,WS-20260725-C0-C48112-007,7,0.5793,zones=[]; phone_state=NO_PHONE_EVIDENCE; work_motion=pose evidence unavailable; No activity zones are configured,not_stitched,worker_identity_crops/WS-20260725-C0-C48112-007/frame_00000825_0020.jpg
825,33.000,WS-20260725-C0-C48112-020,20,0.7672,zones=[]; phone_state=ON_PHONE; work_motion=work-like hand movement is still confirming; No activity zones are configured,not_stitched,worker_identity_crops/WS-20260725-C0-C48112-020/frame_00000825_0011.jpg
825,33.000,WS-20260725-C0-C48112-023,23,0.5441,zones=[]; phone_state=NO_PHONE_EVIDENCE; work_motion=no repeated reaching hand movement; No activity zones are configured,not_stitched,worker_identity_crops/WS-20260725-C0-C48112-023/frame_00000825_0004.jpg
850,34.000,WS-20260725-C0-C48112-007,7,0.6849,zones=[]; phone_state=NO_PHONE_EVIDENCE; work_motion=pose evidence unavailable; No activity zones are configured,not_stitched,worker_identity_crops/WS-20260725-C0-C48112-007/frame_00000850_0021.jpg
850,34.000,WS-20260725-C0-C48112-015,15,0.2748,zones=[]; phone_state=NO_PHONE_EVIDENCE; work_motion=pose evidence unavailable; No activity zones are configured,not_stitched,worker_identity_crops/WS-20260725-C0-C48112-015/frame_00000850_0006.jpg
850,34.000,WS-20260725-C0-C48112-020,20,0.7564,zones=[]; phone_state=ON_PHONE; work_motion=no repeated reaching hand movement; No activity zones are configured,not_stitched,worker_identity_crops/WS-20260725-C0-C48112-020/frame_00000850_0012.jpg
850,34.000,WS-20260725-C0-C48112-023,23,0.5480,zones=[]; phone_state=NO_PHONE_EVIDENCE; work_motion=pose evidence unavailable; No activity zones are configured,not_stitched,worker_identity_crops/WS-20260725-C0-C48112-023/frame_00000850_0005.jpg
875,35.000,WS-20260725-C0-C48112-007,7,0.5675,zones=[]; phone_state=NO_PHONE_EVIDENCE; work_motion=worker wrists were not visible; No activity zones are configured,not_stitched,worker_identity_crops/WS-20260725-C0-C48112-007/frame_00000875_0022.jpg
875,35.000,WS-20260725-C0-C48112-020,20,0.7970,zones=[]; phone_state=NO_PHONE_EVIDENCE; work_motion=no repeated reaching hand movement; No activity zones are configured,not_stitched,worker_identity_crops/WS-20260725-C0-C48112-020/frame_00000875_0013.jpg
875,35.000,WS-20260725-C0-C48112-023,23,0.5127,zones=[]; phone_state=NO_PHONE_EVIDENCE; work_motion=pose evidence unavailable; No activity zones are configured,not_stitched,worker_identity_crops/WS-20260725-C0-C48112-023/frame_00000875_0006.jpg
900,36.000,WS-20260725-C0-C48112-007,7,0.4687,zones=[]; phone_state=NO_PHONE_EVIDENCE; work_motion=pose evidence unavailable; No activity zones are configured,not_stitched,worker_identity_crops/WS-20260725-C0-C48112-007/frame_00000900_0023.jpg
900,36.000,WS-20260725-C0-C48112-020,20,0.7902,zones=[]; phone_state=NO_PHONE_EVIDENCE; work_motion=pose evidence unavailable; No activity zones are configured,not_stitched,worker_identity_crops/WS-20260725-C0-C48112-020/frame_00000900_0014.jpg
900,36.000,WS-20260725-C0-C48112-023,23,0.3621,zones=[]; phone_state=NO_PHONE_EVIDENCE; work_motion=pose evidence unavailable; No activity zones are configured,not_stitched,worker_identity_crops/WS-20260725-C0-C48112-023/frame_00000900_0007.jpg
900,36.000,WS-20260725-C0-C48112-024,24,0.7094,zones=[]; phone_state=NO_PHONE_EVIDENCE; work_motion=pose evidence unavailable; No activity zones are configured,not_stitched,worker_identity_crops/WS-20260725-C0-C48112-024/frame_00000900_0001.jpg
925,37.000,WS-20260725-C0-C48112-007,7,0.5864,zones=[]; phone_state=NO_PHONE_EVIDENCE; work_motion=pose evidence unavailable; No activity zones are configured,not_stitched,worker_identity_crops/WS-20260725-C0-C48112-007/frame_00000925_0024.jpg
925,37.000,WS-20260725-C0-C48112-015,15,0.4537,zones=[]; phone_state=NO_PHONE_EVIDENCE; work_motion=pose evidence unavailable; No activity zones are configured,not_stitched,worker_identity_crops/WS-20260725-C0-C48112-015/frame_00000925_0007.jpg
925,37.000,WS-20260725-C0-C48112-020,20,0.7764,zones=[]; phone_state=NO_PHONE_EVIDENCE; work_motion=worker wrists were not visible; No activity zones are configured,not_stitched,worker_identity_crops/WS-20260725-C0-C48112-020/frame_00000925_0015.jpg
925,37.000,WS-20260725-C0-C48112-023,23,0.5026,zones=[]; phone_state=NO_PHONE_EVIDENCE; work_motion=pose evidence unavailable; No activity zones are configured,not_stitched,worker_identity_crops/WS-20260725-C0-C48112-023/frame_00000925_0008.jpg
925,37.000,WS-20260725-C0-C48112-024,24,0.5434,zones=[]; phone_state=NO_PHONE_EVIDENCE; work_motion=pose evidence unavailable; No activity zones are configured,not_stitched,worker_identity_crops/WS-20260725-C0-C48112-024/frame_00000925_0002.jpg
950,38.000,WS-20260725-C0-C48112-007,7,0.6741,zones=[]; phone_state=NO_PHONE_EVIDENCE; work_motion=pose evidence unavailable; No activity zones are configured,not_stitched,worker_identity_crops/WS-20260725-C0-C48112-007/frame_00000950_0025.jpg
950,38.000,WS-20260725-C0-C48112-020,20,0.6999,zones=[]; phone_state=NO_PHONE_EVIDENCE; work_motion=worker wrists were not visible; No activity zones are configured,not_stitched,worker_identity_crops/WS-20260725-C0-C48112-020/frame_00000950_0016.jpg
950,38.000,WS-20260725-C0-C48112-023,23,0.3499,zones=[]; phone_state=NO_PHONE_EVIDENCE; work_motion=pose evidence unavailable; No activity zones are configured,not_stitched,worker_identity_crops/WS-20260725-C0-C48112-023/frame_00000950_0009.jpg
950,38.000,WS-20260725-C0-C48112-024,24,0.6173,zones=[]; phone_state=NO_PHONE_EVIDENCE; work_motion=pose evidence unavailable; No activity zones are configured,not_stitched,worker_identity_crops/WS-20260725-C0-C48112-024/frame_00000950_0003.jpg
950,38.000,WS-20260725-C0-C48112-027,27,0.5301,zones=[]; phone_state=NO_PHONE_EVIDENCE; work_motion=pose evidence unavailable; No activity zones are configured,not_stitched,worker_identity_crops/WS-20260725-C0-C48112-027/frame_00000950_0001.jpg
975,39.000,WS-20260725-C0-C48112-020,20,0.7034,zones=[]; phone_state=ON_PHONE; work_motion=no repeated reaching hand movement; No activity zones are configured,not_stitched,worker_identity_crops/WS-20260725-C0-C48112-020/frame_00000975_0017.jpg
975,39.000,WS-20260725-C0-C48112-023,23,0.4645,zones=[]; phone_state=NO_PHONE_EVIDENCE; work_motion=no repeated reaching hand movement; No activity zones are configured,not_stitched,worker_identity_crops/WS-20260725-C0-C48112-023/frame_00000975_0010.jpg
975,39.000,WS-20260725-C0-C48112-027,27,0.3317,zones=[]; phone_state=NO_PHONE_EVIDENCE; work_motion=pose evidence unavailable; No activity zones are configured,not_stitched,worker_identity_crops/WS-20260725-C0-C48112-027/frame_00000975_0002.jpg
1000,40.000,WS-20260725-C0-C48112-007,7,0.3132,zones=[]; phone_state=NO_PHONE_EVIDENCE; work_motion=pose evidence unavailable; No activity zones are configured,not_stitched,worker_identity_crops/WS-20260725-C0-C48112-007/frame_00001000_0026.jpg
1000,40.000,WS-20260725-C0-C48112-015,15,0.4082,zones=[]; phone_state=NO_PHONE_EVIDENCE; work_motion=pose evidence unavailable; No activity zones are configured,not_stitched,worker_identity_crops/WS-20260725-C0-C48112-015/frame_00001000_0008.jpg
1000,40.000,WS-20260725-C0-C48112-020,20,0.8211,zones=[]; phone_state=ON_PHONE; work_motion=no repeated reaching hand movement; No activity zones are configured,not_stitched,worker_identity_crops/WS-20260725-C0-C48112-020/frame_00001000_0018.jpg
1000,40.000,WS-20260725-C0-C48112-023,23,0.6222,zones=[]; phone_state=NO_PHONE_EVIDENCE; work_motion=pose evidence unavailable; No activity zones are configured,not_stitched,worker_identity_crops/WS-20260725-C0-C48112-023/frame_00001000_0011.jpg
1000,40.000,WS-20260725-C0-C48112-027,27,0.3104,zones=[]; phone_state=NO_PHONE_EVIDENCE; work_motion=pose evidence unavailable; No activity zones are configured,not_stitched,worker_identity_crops/WS-20260725-C0-C48112-027/frame_00001000_0003.jpg
1025,41.000,WS-20260725-C0-C48112-007,7,0.4932,zones=[]; phone_state=NO_PHONE_EVIDENCE; work_motion=pose evidence unavailable; No activity zones are configured,not_stitched,worker_identity_crops/WS-20260725-C0-C48112-007/frame_00001025_0027.jpg
1025,41.000,WS-20260725-C0-C48112-020,20,0.5314,zones=[]; phone_state=ON_PHONE; work_motion=no repeated reaching hand movement; No activity zones are configured,not_stitched,worker_identity_crops/WS-20260725-C0-C48112-020/frame_00001025_0019.jpg
1025,41.000,WS-20260725-C0-C48112-023,23,0.6651,zones=[]; phone_state=ON_PHONE; work_motion=pose evidence unavailable; No activity zones are configured,not_stitched,worker_identity_crops/WS-20260725-C0-C48112-023/frame_00001025_0012.jpg
1025,41.000,WS-20260725-C0-C48112-027,27,0.4239,zones=[]; phone_state=NO_PHONE_EVIDENCE; work_motion=pose evidence unavailable; No activity zones are configured,not_stitched,worker_identity_crops/WS-20260725-C0-C48112-027/frame_00001025_0004.jpg
1050,42.000,WS-20260725-C0-C48112-007,7,0.4147,zones=[]; phone_state=NO_PHONE_EVIDENCE; work_motion=pose evidence unavailable; No activity zones are configured,not_stitched,worker_identity_crops/WS-20260725-C0-C48112-007/frame_00001050_0028.jpg
1050,42.000,WS-20260725-C0-C48112-020,20,0.6669,zones=[]; phone_state=NO_PHONE_EVIDENCE; work_motion=pose evidence unavailable; No activity zones are configured,not_stitched,worker_identity_crops/WS-20260725-C0-C48112-020/frame_00001050_0020.jpg
1050,42.000,WS-20260725-C0-C48112-027,27,0.6690,zones=[]; phone_state=NO_PHONE_EVIDENCE; work_motion=pose evidence unavailable; No activity zones are configured,not_stitched,worker_identity_crops/WS-20260725-C0-C48112-027/frame_00001050_0005.jpg
1050,42.000,WS-20260725-C0-C48112-034,34,0.5983,zones=[]; phone_state=NO_PHONE_EVIDENCE; work_motion=no repeated reaching hand movement; No activity zones are configured,not_stitched,worker_identity_crops/WS-20260725-C0-C48112-034/frame_00001050_0001.jpg
1075,43.000,WS-20260725-C0-C48112-007,7,0.3798,zones=[]; phone_state=NO_PHONE_EVIDENCE; work_motion=pose evidence unavailable; No activity zones are configured,not_stitched,worker_identity_crops/WS-20260725-C0-C48112-007/frame_00001075_0029.jpg
1075,43.000,WS-20260725-C0-C48112-020,20,0.6831,zones=[]; phone_state=NO_PHONE_EVIDENCE; work_motion=no repeated reaching hand movement; No activity zones are configured,not_stitched,worker_identity_crops/WS-20260725-C0-C48112-020/frame_00001075_0021.jpg
1075,43.000,WS-20260725-C0-C48112-027,27,0.7082,zones=[]; phone_state=NO_PHONE_EVIDENCE; work_motion=pose evidence unavailable; No activity zones are configured,not_stitched,worker_identity_crops/WS-20260725-C0-C48112-027/frame_00001075_0006.jpg
1075,43.000,WS-20260725-C0-C48112-034,34,0.6167,zones=[]; phone_state=NO_PHONE_EVIDENCE; work_motion=pose evidence unavailable; No activity zones are configured,not_stitched,worker_identity_crops/WS-20260725-C0-C48112-034/frame_00001075_0002.jpg
1100,44.000,WS-20260725-C0-C48112-007,7,0.3397,zones=[]; phone_state=NO_PHONE_EVIDENCE; work_motion=pose evidence unavailable; No activity zones are configured,not_stitched,worker_identity_crops/WS-20260725-C0-C48112-007/frame_00001100_0030.jpg
1100,44.000,WS-20260725-C0-C48112-020,20,0.7672,zones=[]; phone_state=NO_PHONE_EVIDENCE; work_motion=pose evidence unavailable; No activity zones are configured,not_stitched,worker_identity_crops/WS-20260725-C0-C48112-020/frame_00001100_0022.jpg
1100,44.000,WS-20260725-C0-C48112-027,27,0.6519,zones=[]; phone_state=NO_PHONE_EVIDENCE; work_motion=pose evidence unavailable; No activity zones are configured,not_stitched,worker_identity_crops/WS-20260725-C0-C48112-027/frame_00001100_0007.jpg
1100,44.000,WS-20260725-C0-C48112-034,34,0.5855,zones=[]; phone_state=NO_PHONE_EVIDENCE; work_motion=no repeated reaching hand movement; No activity zones are configured,not_stitched,worker_identity_crops/WS-20260725-C0-C48112-034/frame_00001100_0003.jpg
1125,45.000,WS-20260725-C0-C48112-007,7,0.3610,zones=[]; phone_state=NO_PHONE_EVIDENCE; work_motion=pose evidence unavailable; No activity zones are configured,not_stitched,worker_identity_crops/WS-20260725-C0-C48112-007/frame_00001125_0031.jpg
1125,45.000,WS-20260725-C0-C48112-020,20,0.7775,zones=[]; phone_state=ON_PHONE; work_motion=no repeated reaching hand movement; No activity zones are configured,not_stitched,worker_identity_crops/WS-20260725-C0-C48112-020/frame_00001125_0023.jpg
1125,45.000,WS-20260725-C0-C48112-034,34,0.5936,zones=[]; phone_state=NO_PHONE_EVIDENCE; work_motion=worker wrists were not visible; No activity zones are configured,not_stitched,worker_identity_crops/WS-20260725-C0-C48112-034/frame_00001125_0004.jpg
1150,46.000,WS-20260725-C0-C48112-007,7,0.4358,zones=[]; phone_state=NO_PHONE_EVIDENCE; work_motion=pose evidence unavailable; No activity zones are configured,not_stitched,worker_identity_crops/WS-20260725-C0-C48112-007/frame_00001150_0032.jpg
1150,46.000,WS-20260725-C0-C48112-015,15,0.3361,zones=[]; phone_state=NO_PHONE_EVIDENCE; work_motion=pose evidence unavailable; No activity zones are configured,not_stitched,worker_identity_crops/WS-20260725-C0-C48112-015/frame_00001150_0009.jpg
1150,46.000,WS-20260725-C0-C48112-020,20,0.7938,zones=[]; phone_state=ON_PHONE; work_motion=no repeated reaching hand movement; No activity zones are configured,not_stitched,worker_identity_crops/WS-20260725-C0-C48112-020/frame_00001150_0024.jpg
1150,46.000,WS-20260725-C0-C48112-027,27,0.3209,zones=[]; phone_state=NO_PHONE_EVIDENCE; work_motion=pose evidence unavailable; No activity zones are configured,not_stitched,worker_identity_crops/WS-20260725-C0-C48112-027/frame_00001150_0008.jpg
1150,46.000,WS-20260725-C0-C48112-034,34,0.7331,zones=[]; phone_state=NO_PHONE_EVIDENCE; work_motion=no repeated reaching hand movement; No activity zones are configured,not_stitched,worker_identity_crops/WS-20260725-C0-C48112-034/frame_00001150_0005.jpg
1175,47.000,WS-20260725-C0-C48112-007,7,0.5233,zones=[]; phone_state=NO_PHONE_EVIDENCE; work_motion=pose evidence unavailable; No activity zones are configured,not_stitched,worker_identity_crops/WS-20260725-C0-C48112-007/frame_00001175_0033.jpg
1175,47.000,WS-20260725-C0-C48112-020,20,0.7807,zones=[]; phone_state=ON_PHONE; work_motion=no repeated reaching hand movement; No activity zones are configured,not_stitched,worker_identity_crops/WS-20260725-C0-C48112-020/frame_00001175_0025.jpg
1175,47.000,WS-20260725-C0-C48112-027,27,0.2868,zones=[]; phone_state=NO_PHONE_EVIDENCE; work_motion=pose evidence unavailable; No activity zones are configured,not_stitched,worker_identity_crops/WS-20260725-C0-C48112-027/frame_00001175_0009.jpg
1175,47.000,WS-20260725-C0-C48112-034,34,0.3617,zones=[]; phone_state=NO_PHONE_EVIDENCE; work_motion=no repeated reaching hand movement; No activity zones are configured,not_stitched,worker_identity_crops/WS-20260725-C0-C48112-034/frame_00001175_0006.jpg
1200,48.000,WS-20260725-C0-C48112-007,7,0.4094,zones=[]; phone_state=NO_PHONE_EVIDENCE; work_motion=pose evidence unavailable; No activity zones are configured,not_stitched,worker_identity_crops/WS-20260725-C0-C48112-007/frame_00001200_0034.jpg
1200,48.000,WS-20260725-C0-C48112-020,20,0.7893,zones=[]; phone_state=POSSIBLE_PHONE; work_motion=no repeated reaching hand movement; No activity zones are configured,not_stitched,worker_identity_crops/WS-20260725-C0-C48112-020/frame_00001200_0026.jpg
1200,48.000,WS-20260725-C0-C48112-027,27,0.6253,zones=[]; phone_state=NO_PHONE_EVIDENCE; work_motion=pose evidence unavailable; No activity zones are configured,not_stitched,worker_identity_crops/WS-20260725-C0-C48112-027/frame_00001200_0010.jpg
1225,49.000,WS-20260725-C0-C48112-007,7,0.4557,zones=[]; phone_state=NO_PHONE_EVIDENCE; work_motion=pose evidence unavailable; No activity zones are configured,not_stitched,worker_identity_crops/WS-20260725-C0-C48112-007/frame_00001225_0035.jpg
1225,49.000,WS-20260725-C0-C48112-015,15,0.2291,zones=[]; phone_state=NO_PHONE_EVIDENCE; work_motion=pose evidence unavailable; No activity zones are configured,not_stitched,worker_identity_crops/WS-20260725-C0-C48112-015/frame_00001225_0010.jpg
1225,49.000,WS-20260725-C0-C48112-020,20,0.7881,zones=[]; phone_state=POSSIBLE_PHONE; work_motion=no repeated reaching hand movement; No activity zones are configured,not_stitched,worker_identity_crops/WS-20260725-C0-C48112-020/frame_00001225_0027.jpg
1250,50.000,WS-20260725-C0-C48112-007,7,0.4149,zones=[]; phone_state=NO_PHONE_EVIDENCE; work_motion=pose evidence unavailable; No activity zones are configured,not_stitched,worker_identity_crops/WS-20260725-C0-C48112-007/frame_00001250_0036.jpg
1250,50.000,WS-20260725-C0-C48112-020,20,0.7433,zones=[]; phone_state=ON_PHONE; work_motion=no repeated reaching hand movement; No activity zones are configured,not_stitched,worker_identity_crops/WS-20260725-C0-C48112-020/frame_00001250_0028.jpg
1275,51.000,WS-20260725-C0-C48112-007,7,0.5460,zones=[]; phone_state=NO_PHONE_EVIDENCE; work_motion=pose evidence unavailable; No activity zones are configured,not_stitched,worker_identity_crops/WS-20260725-C0-C48112-007/frame_00001275_0037.jpg
1275,51.000,WS-20260725-C0-C48112-020,20,0.7826,zones=[]; phone_state=ON_PHONE; work_motion=work-like hand movement is still confirming; No activity zones are configured,not_stitched,worker_identity_crops/WS-20260725-C0-C48112-020/frame_00001275_0029.jpg
1300,52.000,WS-20260725-C0-C48112-007,7,0.6219,zones=[]; phone_state=NO_PHONE_EVIDENCE; work_motion=pose evidence unavailable; No activity zones are configured,not_stitched,worker_identity_crops/WS-20260725-C0-C48112-007/frame_00001300_0038.jpg
1300,52.000,WS-20260725-C0-C48112-015,15,0.3417,zones=[]; phone_state=NO_PHONE_EVIDENCE; work_motion=pose evidence unavailable; No activity zones are configured,not_stitched,worker_identity_crops/WS-20260725-C0-C48112-015/frame_00001300_0011.jpg
1300,52.000,WS-20260725-C0-C48112-020,20,0.7797,zones=[]; phone_state=ON_PHONE; work_motion=no repeated reaching hand movement; No activity zones are configured,not_stitched,worker_identity_crops/WS-20260725-C0-C48112-020/frame_00001300_0030.jpg
1325,53.000,WS-20260725-C0-C48112-007,7,0.6512,zones=[]; phone_state=NO_PHONE_EVIDENCE; work_motion=pose evidence unavailable; No activity zones are configured,not_stitched,worker_identity_crops/WS-20260725-C0-C48112-007/frame_00001325_0039.jpg
1325,53.000,WS-20260725-C0-C48112-020,20,0.7734,zones=[]; phone_state=NO_PHONE_EVIDENCE; work_motion=pose evidence unavailable; No activity zones are configured,not_stitched,worker_identity_crops/WS-20260725-C0-C48112-020/frame_00001325_0031.jpg
1350,54.000,WS-20260725-C0-C48112-007,7,0.3842,zones=[]; phone_state=NO_PHONE_EVIDENCE; work_motion=pose evidence unavailable; No activity zones are configured,not_stitched,worker_identity_crops/WS-20260725-C0-C48112-007/frame_00001350_0040.jpg
1350,54.000,WS-20260725-C0-C48112-020,20,0.7616,zones=[]; phone_state=NO_PHONE_EVIDENCE; work_motion=no repeated reaching hand movement; No activity zones are configured,not_stitched,worker_identity_crops/WS-20260725-C0-C48112-020/frame_00001350_0032.jpg
1375,55.000,WS-20260725-C0-C48112-015,15,0.3205,zones=[]; phone_state=NO_PHONE_EVIDENCE; work_motion=pose evidence unavailable; No activity zones are configured,not_stitched,worker_identity_crops/WS-20260725-C0-C48112-015/frame_00001375_0012.jpg
1375,55.000,WS-20260725-C0-C48112-020,20,0.7562,zones=[]; phone_state=NO_PHONE_EVIDENCE; work_motion=no repeated reaching hand movement; No activity zones are configured,not_stitched,worker_identity_crops/WS-20260725-C0-C48112-020/frame_00001375_0033.jpg
1400,56.000,WS-20260725-C0-C48112-020,20,0.7615,zones=[]; phone_state=NO_PHONE_EVIDENCE; work_motion=no repeated reaching hand movement; No activity zones are configured,not_stitched,worker_identity_crops/WS-20260725-C0-C48112-020/frame_00001400_0034.jpg
1425,57.000,WS-20260725-C0-C48112-020,20,0.7566,zones=[]; phone_state=NO_PHONE_EVIDENCE; work_motion=no repeated reaching hand movement; No activity zones are configured,not_stitched,worker_identity_crops/WS-20260725-C0-C48112-020/frame_00001425_0035.jpg
1450,58.000,WS-20260725-C0-C48112-015,15,0.2436,zones=[]; phone_state=NO_PHONE_EVIDENCE; work_motion=pose evidence unavailable; No activity zones are configured,not_stitched,worker_identity_crops/WS-20260725-C0-C48112-015/frame_00001450_0013.jpg
1450,58.000,WS-20260725-C0-C48112-020,20,0.7850,zones=[]; phone_state=ON_PHONE; work_motion=no repeated reaching hand movement; No activity zones are configured,not_stitched,worker_identity_crops/WS-20260725-C0-C48112-020/frame_00001450_0036.jpg
1450,58.000,WS-20260725-C0-C48112-042,42,0.6797,zones=[]; phone_state=NO_PHONE_EVIDENCE; work_motion=pose evidence unavailable; No activity zones are configured,not_stitched,worker_identity_crops/WS-20260725-C0-C48112-042/frame_00001450_0001.jpg
1475,59.000,WS-20260725-C0-C48112-020,20,0.7594,zones=[]; phone_state=ON_PHONE; work_motion=worker wrists were not visible; No activity zones are configured,not_stitched,worker_identity_crops/WS-20260725-C0-C48112-020/frame_00001475_0037.jpg
